"","TNF_pvalue_JECCA1","TNF_pvalue_JECCA2","TNF_pvalue_JECCA3","TNF_pvalue_JECCA4","TNF_pvalue_JECCA5","TNF_pvalue_JECCA6","TNF_pvalue_JECCA7","TNF_pvalue_JECCA8","TNF_pvalue_JECCA9","TNF_pvalue_JECCA10","TNF_NES_JECCA1","TNF_NES_JECCA2","TNF_NES_JECCA3","TNF_NES_JECCA4","TNF_NES_JECCA5","TNF_NES_JECCA6","TNF_NES_JECCA7","TNF_NES_JECCA8","TNF_NES_JECCA9","TNF_NES_JECCA10","TCT_pvalue_JECCA1","TCT_pvalue_JECCA2","TCT_pvalue_JECCA3","TCT_pvalue_JECCA4","TCT_pvalue_JECCA5","TCT_pvalue_JECCA6","TCT_pvalue_JECCA7","TCT_pvalue_JECCA8","TCT_pvalue_JECCA9","TCT_pvalue_JECCA10","TCT_NES_JECCA1","TCT_NES_JECCA2","TCT_NES_JECCA3","TCT_NES_JECCA4","TCT_NES_JECCA5","TCT_NES_JECCA6","TCT_NES_JECCA7","TCT_NES_JECCA8","TCT_NES_JECCA9","TCT_NES_JECCA10","TNF_rank","TCT_rank","Total_rank"
"Estrogen-dependent gene expression",1,0.717813765182186,0.655237844055181,0.000942020462045138,0.496631745899245,0.556357128876213,0.657419960371259,0.834993861859534,0.660339749912062,0.726074124914207,-0.561279823017441,-0.964386388894798,0.991527007901019,-2.03381127656554,-1.07694733111198,-1.0357240507507,-1.13345435436146,1.06967608845802,-1.08103874398491,-1.03309613574548,1,0.766344880254884,0.79724278852533,0.000580794002051336,0.267322071448352,0.811018460247535,0.685912151821243,0.695600453172205,1,0.654594629403052,-0.484287089044179,-0.920417973131909,0.908055846165086,-2.05250553876585,-1.25453690141334,-0.893517797030277,-1.06122497688242,1.04335075093933,-0.791941800896258,1.21799216733532,1,1,2
"ESR-mediated signaling",0.487137217474296,0.957049472589511,0.528034907277544,0.00529645242756265,0.0857885713373766,0.146152865243456,0.804835576987476,0.313491646577708,0.741524188204109,0.49186382196638,-1.13837468248891,-0.816586151786818,-1.06662866537946,-1.84731479503558,-1.40653441627091,-1.3156118509122,-0.980198386795461,1.36019179533905,-1.0117546790669,-1.26159861028406,0.611172440045679,0.98208903674403,0.68118490350154,0.00154200986113732,0.315469200384328,0.300521762200245,0.97884375,0.267246930562416,0.815515930724484,0.872164308618847,-1.09549565145001,-0.788054929199865,-0.9869022814245,-1.85755693642569,-1.18931294090112,-1.16986534777745,-0.767616988901658,1.32967362218607,1.05000535232881,0.929890913306939,4,3,7
"Regulation of TP53 Degradation",1,0.00370703351034626,0.790485804416404,0.942644799437277,0.72008207302325,0.265635032746886,0.19998887519112,1,0.509419010413046,0.790621375816395,-0.635828785269644,-1.95459457452606,-0.861666033931964,0.741332131844762,0.921621785603094,1.30440895909241,1.51555930607812,-0.802209473477668,1.22062365146582,-0.947457563815295,1,0.00215059657734172,0.953456305410808,0.899509433962264,0.927495291902071,0.186882641021688,0.798929761109212,0.751900682296209,1,1,-0.617385110514169,-1.98565550101176,0.696440881111573,0.80943010112098,-0.790214437212433,1.40051125806531,0.95192040006138,-0.967269077627035,0.696941850850437,0.494482994309069,3,4,7
"Golgi Cisternae Pericentriolar Stack Reorganization",0.761439397775415,0.14619424952794,0.773872016216405,0.00316582730465699,0.499854547805288,0.558732489670165,0.940721161817632,1,0.0102006251257597,0.965643583790293,1.01288661505941,-1.49424313555852,0.875999219411814,-2.0915284834567,-1.13346727630361,1.03781262970927,-0.699905918076027,-0.696057188367628,-1.9699771878953,-0.689014776272126,0.756451239873652,0.149442213297635,0.980147783251232,0.0060990991518938,0.364773404466642,0.710657183499289,0.936570359883243,0.970897606275658,0.641974064368743,0.976010430247718,1.02488350085024,-1.48199562077826,-0.605539381511416,-2.0392231861441,-1.29498599462638,0.915512603737058,-0.729692315363676,0.622920908398058,-1.24223544580814,0.715156820348835,2,8,10
"mRNA Splicing - Minor Pathway",0.814678084927009,0.00617337745728651,0.871770432651394,0.925882612533098,0.366644264074859,0.112357392854327,0.687578938980417,1,0.861366460762455,0.616611765299812,0.986530319277909,-1.80157946152047,-0.838324585994897,0.800592030978986,1.1719839613777,1.4872292674483,1.11869676634967,0.69908159051273,-0.896697058040103,-1.13298355554195,0.748962446102736,0.0059425754438756,0.861621513696579,0.812877319302132,0.843882597767628,0.152076308784383,0.496721220629526,0.871607029152471,0.960220125786163,0.650750750750751,1.01396840890228,-1.82067963707922,-0.825660875601492,0.951339139290045,-0.896348964010421,1.40306738296946,1.24433025124154,0.87745022793843,0.900853039292552,-1.23237022530233,6,7,13
"RHO GTPase cycle",0.546476285357203,0.0965784779375603,0.938772835939198,0.463532841530459,0.00593481995167718,0.66273968046868,0.680166602729216,0.643991282689913,0.468040389272171,0.576257414479564,-1.08329216269319,1.24359766749259,-0.855804270855989,-1.12766977160688,-1.47035253333684,-0.982101103036964,-1.05311095073128,-1.15694123433315,-1.12825769383772,1.09372629003227,0.577592575491735,0.176888541869998,0.814422576278246,0.482066237597211,0.00874459712564231,0.276264437006364,0.938430649907863,0.766442874220818,0.130396795498482,0.666283124128312,-1.07635730470155,1.19351146276279,-0.927489893889329,-1.1300951052571,-1.46606904114849,-1.12809170665083,-0.873981143259359,0.978776051230961,-1.41485043019053,1.11506013348952,5,11,16
"Mismatch Repair",0.89523244277514,0.0108232768025318,0.782572869265773,0.409685086155674,0.461617252943075,0.889284865763839,0.5821793760165,0.960706459956835,0.483296483629645,0.711045693075643,0.876273687614434,-1.88130265270349,0.880481966947471,-1.33193720007784,-1.16273087431001,0.72864273680778,-1.26324548104358,-0.888211835327806,-1.28645482722379,-1.08474492160231,0.930873110028523,0.0081543013418244,0.751478698174129,0.563964670375192,0.0959370130516492,0.896049136786189,0.504926497218688,0.890924302097063,0.993744955609362,0.79066773024477,0.860985031180587,-1.88870485073593,0.931150291764995,-1.21728038594192,-1.61353496841735,-0.744766891399297,-1.26684642939902,0.801915762893067,-0.75616899083863,-1.02129035116246,12,10,22
"E3 ubiquitin ligases ubiquitinate target proteins",1,0.0152924343577476,0.46101188306481,0.453823352131516,0.879711523906321,0.195312949020059,0.795144573364211,0.862618636755824,0.58738900203666,0.776717161236771,0.628694160299885,-1.73671426662204,-1.14847300238934,-1.24300068095194,0.812621706033093,1.35039592639198,-1.00235533771636,1.03631483993062,-1.16115976728672,-0.969205567381535,1,0.00914425335941325,0.586014228154117,0.659721665196118,0.963571517837401,0.350892016099107,0.371323481288532,0.244481346897571,1,0.786113328012769,0.64314977029373,-1.79220289568947,-1.05648488684001,-1.11550055905897,0.747555883160178,1.19073129115365,-1.34940807635391,1.50999679234479,0.547392930349614,1.05965424442139,16,12,28
"Regulation of TP53 Activity through Acetylation",0.960765244602664,0.874575546444651,0.122778531149831,0.667264395297868,0.0199506251508201,0.248193526023891,0.789891582473819,1,0.897789705547257,0.569499710913852,-0.816850761020953,0.838041646946227,1.60225230277562,1.02729157955248,-1.85527261325516,-1.31760264491877,-1.00400493851957,0.766168537586545,0.851693567976684,-1.24100342013983,1,0.634962494139709,0.0565057107993809,0.863601746075973,0.00382084281879698,0.155953700313783,0.84137187230371,0.933486204435988,0.965712284860075,0.814056131267737,-0.753882113962923,0.996650308230385,1.7471546679878,0.880108646190266,-2.03877749218951,-1.4791878743972,0.895266346271915,-0.747914308246825,-0.87581496376614,-0.965509664437353,23,5,28
"Meiotic synapsis",0.117578213834596,0.0147250831964028,0.326862452297992,0.757880584299178,0.0251363064074263,0.467916317114094,0.284741891450073,0.938485922561354,0.932012487992315,0.905510832836414,-1.58280382545691,-1.86705287473367,1.32085891581659,-0.967063483770827,-1.75945008313135,-1.12522285844937,-1.54028420491613,0.926462434838366,0.766646092963357,-0.818032172580891,0.0992009529664162,0.0132431517231006,0.223071479122435,0.610408898101354,0.227110062877976,0.404742257624493,0.317634080108622,0.434598768269142,0.95573074590661,0.717766055794225,-1.53803854124778,-1.84857235130286,1.44055172992563,-1.15730951962271,-1.42378017914346,-1.15578947072268,-1.44419327306141,1.2860155450893,0.884613499497018,1.16578502457839,15,14,29
"TICAM1-dependent activation of IRF3/IRF7",0.795893925522175,0.993397592190615,0.471513496508713,0.440781622911695,0.864706896221537,0.00961782517381475,0.40265560417266,1,0.758237410071942,0.359712943841709,-0.996274184601381,0.653014890596452,-1.195762226623,1.32863214936977,-0.780747109202885,1.97032348057467,1.41498456558934,-0.658251922088094,-0.998142988399621,1.62017069822257,0.781616796164655,0.948767242746155,0.46226342514233,0.476952946818091,0.577461014053366,0.0168210391816152,0.614424951267057,0.662362070865274,0.959533590809574,0.228858429946788,-0.999395874069918,-0.713615209508709,-1.19789321873112,1.3017334138691,-1.12005183563997,1.91417277441757,1.16320455798113,-1.06914664903887,-0.877166638641772,1.70507248327419,11,18,29
"Formation of HIV-1 elongation complex containing HIV-1 Tat",0.886281006146737,0.00770434532067244,0.46101188306481,0.987161884527115,0.547341002821793,0.989121338912134,0.867416829745597,0.813050752928054,0.860850505388954,0.49186382196638,0.905634325576558,-1.80584799602658,1.17055148506441,-0.626450891711404,1.03771396468464,0.553699763792566,-0.887542176587085,1.12912157264882,0.890996888055157,-1.32932081393748,0.883671746416176,0.021301126895109,0.509601808793184,0.941082802547771,0.464587045950402,0.885393258426966,0.459273453093812,0.566290842888626,0.388097564603509,0.618051274046904,0.919627736807398,-1.73115368991448,1.12763344849265,-0.724397891281451,1.15497165754996,0.801144253370029,-1.27242270201651,1.14817274544431,1.46279588744948,-1.26593488935769,7,24,31
"HIV Transcription Elongation",0.886281006146737,0.00770434532067244,0.46101188306481,0.987161884527115,0.547341002821793,0.989121338912134,0.867416829745597,0.813050752928054,0.860850505388954,0.49186382196638,0.905634325576558,-1.80584799602658,1.17055148506441,-0.626450891711404,1.03771396468464,0.553699763792566,-0.887542176587085,1.12912157264882,0.890996888055157,-1.32932081393748,0.883671746416176,0.021301126895109,0.509601808793184,0.941082802547771,0.464587045950402,0.885393258426966,0.459273453093812,0.566290842888626,0.388097564603509,0.618051274046904,0.919627736807398,-1.73115368991448,1.12763344849265,-0.724397891281451,1.15497165754996,0.801144253370029,-1.27242270201651,1.14817274544431,1.46279588744948,-1.26593488935769,8,25,33
"DNA Damage/Telomere Stress Induced Senescence",0.193157617290459,0.0125629688234282,0.735464899784025,0.862944887513391,0.0517838123289264,0.370359328798627,0.804835576987476,0.858497631027332,0.785937833796198,0.746598973882265,-1.47596798551515,-1.82006435027953,0.949296805361099,-0.865848418693887,-1.6851908991863,-1.20608840639838,-0.9690771376436,1.05542602239308,-0.962692789975637,-1.01706777014037,0.274308285419291,0.0184512374995383,0.495947439518605,0.922723236027158,0.227971565548024,0.267175248993431,0.880515438247012,0.475476091318669,0.967005761034844,1,-1.39935077380219,-1.77842017707163,1.1477896986385,-0.755559379324765,-1.39927201273982,-1.28475721273978,0.817598715205716,1.21633319215415,0.83263828553728,-0.609696208195243,13,21,34
"Polo-like kinase mediated events",1,0.0190443776724415,0.662463219840269,0.584359550561798,0.0229022963074114,0.822825275340676,0.878432083380537,0.960706459956835,0.475230291617894,0.526093245799488,-0.708403681788868,-1.85172513812234,0.993601691047788,-1.11553729362404,-1.80312838457038,-0.786968705123894,-0.840788357009919,-0.89990067413458,-1.30776854118303,-1.34521347665206,1,0.0128367680500044,0.509601808793184,0.517362124306974,0.0131704080500123,0.73969903156029,0.890378104112797,0.929427502480298,0.967005761034844,0.991107991107991,-0.65599840841772,-1.86122470611223,1.11900289173392,-1.23813233928164,-1.95817365023256,-0.89241766080506,0.806020374437969,-0.732391405341847,-0.834361614866832,-0.65952451681905,21,13,34
"Tat-mediated elongation of the HIV-1 transcript",0.886281006146737,0.00770434532067244,0.46101188306481,0.987161884527115,0.547341002821793,0.989121338912134,0.867416829745597,0.813050752928054,0.860850505388954,0.49186382196638,0.905634325576558,-1.80584799602658,1.17055148506441,-0.626450891711404,1.03771396468464,0.553699763792566,-0.887542176587085,1.12912157264882,0.890996888055157,-1.32932081393748,0.883671746416176,0.021301126895109,0.509601808793184,0.941082802547771,0.464587045950402,0.885393258426966,0.459273453093812,0.566290842888626,0.388097564603509,0.618051274046904,0.919627736807398,-1.73115368991448,1.12763344849265,-0.724397891281451,1.15497165754996,0.801144253370029,-1.27242270201651,1.14817274544431,1.46279588744948,-1.26593488935769,9,26,35
"Gastrin-CREB signalling pathway via PKC and MAPK",0.867874086904134,1,0.0251968166535794,0.194779786411446,0.183409519815475,0.970794047110615,0.795144573364211,0.857211925866237,0.499922216820613,0.317275873072969,-0.91702512940223,0.514398731345315,-1.81532074012662,-1.5956928054184,-1.41792058213738,-0.556965278451774,-0.994094395062377,1.06941151814035,-1.300127153076,-1.55989564153199,0.891402714932127,0.977096619234902,0.00775224172571308,0.359190071012731,0.318348313223344,0.639634157670798,0.990869568198805,0.507358351729213,1,0.807670499978192,-0.881550433727207,-0.645413102116801,-1.92395122307036,-1.42051858309455,-1.36487530857187,-1.01054586132212,-0.559365886363902,1.26404036059225,0.638108531442163,-0.985364471542861,31,9,40
"Transport of inorganic cations/anions and amino acids/oligopeptides",1,0.0216971726915127,0.468492771880233,0.642372808154099,0.987862914816826,0.840844163909622,0.955201258516717,0.834993861859534,0.428119049590198,1,-0.800337809154691,1.64447636246161,1.14063406375199,1.0413150902786,-0.663819279481897,-0.842848853061951,-0.766709081040596,-1.0691690872625,1.23363455875107,-0.591184343387648,1,0.0141366987970844,0.651958080529509,0.608049713979999,0.981678793256433,0.798163279087042,0.887442601326547,0.566290842888626,1,0.938643297630639,-0.791282389931987,1.68808769916249,1.00572299033727,1.10697046967359,-0.715188447081235,-0.880168445277071,-0.852540903296885,-1.13897798953877,0.798696728418314,0.853102501307305,25,15,40
"Signalling to RAS",0.991139084795801,0.124049166288852,0.218014559665231,0.813337729546855,0.01966644979809,0.938975803087192,0.154531892036927,1,0.922536585365854,0.0459177895525871,-0.763357311328695,1.58888099718625,-1.48252309086233,0.89314430076573,-1.7928946981541,0.659487753051703,1.64841008401938,0.63846508588936,-0.758911333693054,-1.93455351319129,0.981570316912986,0.118915395016419,0.0179752768346666,0.555726785947499,0.019116821629454,0.16868639091858,0.183173527020007,0.900047715614935,0.968191513893693,0.592057245080501,-0.769274262392015,1.51547013581133,-1.85685232721514,1.22469337653877,-1.91144593762242,-1.46340719761412,1.60850192116377,-0.767068128604201,0.807050129626562,-1.42835757854422,22,19,41
"Inhibition of DNA recombination at telomere",0.691846853050544,0.0142570601749619,0.811429841234569,0.97496744030723,0.935851546391753,0.822825275340676,0.986742591773551,1,0.894211939253245,0.820833333333333,-1.06023975431525,-1.84246364270525,0.857366602967021,-0.656880688292486,-0.667731146383011,-0.824371340388644,-0.619437736287349,0.812449163820569,-0.8225518964786,-0.918767736009966,0.685123324028737,0.0229560653806552,0.625225359952809,0.992818605010403,0.966079096045198,0.893663723720794,0.796543380947999,0.721430255402751,0.910487516917672,1,-1.09549514911731,-1.76391730561393,1.03711523533251,-0.545421867357491,0.712815448079245,-0.770911699919597,-0.950588052379473,1.01372659730224,0.990639190399438,-0.590657072914847,14,28,42
"Removal of the Flap Intermediate from the C-strand",1,0.0174709213005598,0.471513496508713,0.567900040793509,0.271165896250642,0.883683118081181,0.667904820073043,0.960706459956835,0.656221084448831,1,-0.72398715479587,-1.79732727578565,1.16879724939934,-1.12507682827466,-1.31462195977573,-0.751965184834532,-1.14748771291536,-0.90373692588385,-1.11567757173155,0.485779858641363,1,0.0216931059776225,0.503171778498901,0.752312522983791,0.157313364109898,0.846070575499782,0.624164564943253,0.882279176420007,0.993744955609362,0.909291426570044,-0.724348420652051,-1.75392446746853,1.15929298441439,-1.03721927755061,-1.51748137510853,-0.828061342833349,-1.14778887120038,-0.808703589233216,-0.767434043816082,-0.832873310619498,19,27,46
"RAC2 GTPase cycle",0.819485495347564,0.888317120544169,0.950214729370009,0.606786477955402,0.00808140469005049,0.149806325895297,0.788489407218273,0.77325338814112,0.323639004297568,0.775867148372692,-0.969372120579935,0.850854478793168,0.768177872321752,-1.07042450182372,-1.72360231936255,-1.35612599070914,-1.01024542630592,1.10172596523576,-1.30166829805887,-0.977645556366108,0.777631578947368,0.878575251233871,0.93766590389016,0.753683353683354,0.0285058715272038,0.147194482362239,0.869299145609559,0.539965542445442,0.452733830554639,0.633338226658837,-0.992038772769775,0.86045771695357,0.788194590491377,-1.01684856577026,-1.61728465354995,-1.34039384679699,0.896544660860534,1.15496554445668,-1.35197969079548,-1.21944927927702,10,37,47
"RNA polymerase II transcribes snRNA genes",1,0.0329004622430169,0.812074984927301,0.927685699135536,0.164853556485356,0.633541528239203,0.0768935111410249,0.296852421549926,0.887172290616827,0.571328265714198,-0.606770402952097,-1.57395249420804,-0.87698357768023,-0.799180411638013,1.36004988780238,-0.97511524116508,-1.643169219096,1.49026037582395,0.885277322748096,-1.20447180871935,1,0.0459344686603702,0.86912567548843,0.85384793993963,0.0969027795499083,0.907434591972761,0.00501823034689219,0.0433915880924346,0.452733830554639,0.907698543057659,-0.575656555610427,-1.51423941734329,0.847015447797275,-0.91286085607082,1.47550519902219,0.781068243382146,-2.04846789278374,1.77382854364443,1.31805866766372,-0.880041320816834,42,6,48
"Effects of PIP2 hydrolysis",0.073231487077928,0.367613518556915,0.103392150064239,0.424883447344342,0.0764760975134106,0.335811867637714,0.159779660875675,1,0.0387249472191435,0.980004016295822,-1.65042183513229,1.21187210699424,1.74410338828046,1.35503542590141,-1.61220024759231,-1.28334264095725,-1.64865656143513,0.631808773709862,1.85321829644418,0.640931764527303,0.120844385796171,0.180045059086916,0.173682434531774,0.674673206410099,0.00150910378542316,0.19800954868382,0.822430046386353,0.714487907577446,0.595583733033983,1,-1.56369307082146,1.44062945428302,1.6280339493632,1.0965271719051,-2.09397168236743,-1.42084365754201,-0.918652253983794,-1.02530743263755,1.30747771750421,-0.59000541413554,48,2,50
"Formation of the Early Elongation Complex",0.904296267960887,0.0300731987576294,0.706716814115382,0.987161884527115,0.211518252844154,0.942027635460332,0.924378776173402,0.834993861859534,0.982380319148936,0.576257414479564,0.895896472991368,-1.74014570760799,0.966427287119563,0.641770314303396,1.38000408571376,0.693631460614074,0.787357989043585,1.10689059335003,0.649583718999197,-1.21934255756433,0.803419762786695,0.0150184468952884,0.762342548890464,0.993655222393333,0.3954514698143,0.657795444778685,0.588373333333333,0.50331395564113,0.424977872439817,0.654594629403052,0.993762657637934,-1.72275248618391,0.916304617392271,0.595683940516132,1.21466543008206,0.968803588402638,-1.18807254754201,1.2110786533662,1.47729420068766,-1.25207246833836,37,16,53
"Bile acid and bile salt metabolism",0.0997919227869963,0.0161586673939827,0.46101188306481,0.759775268903301,0.41379367376473,0.847541035242413,0.954610180298254,0.920136085803252,0.903317073170732,1,1.5915808722625,1.79075532992611,-1.2332100587098,-0.968614954700712,1.1754561595424,0.789560213226439,0.716805213575289,0.955027359382347,-0.789967708414731,-0.519171679728469,0.0755039750512538,0.0289421217758432,0.684269771331168,0.816128483059985,0.547037412285639,0.509307657978835,0.796543380947999,0.520557110613304,0.947297164110199,0.79066773024477,1.62353645392384,1.77736327361379,-0.968069630100035,-0.947963216092807,1.11558147774561,1.09645801163866,-0.960100679928196,1.19376205436241,-0.904202938671067,0.999815471848767,17,38,55
"Formation of the HIV-1 Early Elongation Complex",0.904296267960887,0.0300731987576294,0.706716814115382,0.987161884527115,0.211518252844154,0.942027635460332,0.924378776173402,0.834993861859534,0.982380319148936,0.576257414479564,0.895896472991368,-1.74014570760799,0.966427287119563,0.641770314303396,1.38000408571376,0.693631460614074,0.787357989043585,1.10689059335003,0.649583718999197,-1.21934255756433,0.803419762786695,0.0150184468952884,0.762342548890464,0.993655222393333,0.3954514698143,0.657795444778685,0.588373333333333,0.50331395564113,0.424977872439817,0.654594629403052,0.993762657637934,-1.72275248618391,0.916304617392271,0.595683940516132,1.21466543008206,0.968803588402638,-1.18807254754201,1.2110786533662,1.47729420068766,-1.25207246833836,38,17,55
"Myogenesis",0.928632777389394,0.933481217372116,0.633553689476505,0.0296471499980009,0.199421430129252,0.246173070915339,0.490639991834235,1,0.922519570079523,0.754412254412254,-0.840965381217091,0.765351977062756,1.01628437957426,-1.8779299598969,-1.3963585553865,-1.37025004420485,-1.35063686963856,-0.766240311646683,0.749110281460795,1.00282370051175,0.938698149277682,0.897388935850474,0.577258433390509,0.0181318029589936,0.524349007612749,0.173343436071664,0.979886999885214,0.933486204435988,0.9152869908448,0.76394878480928,-0.813336916759291,0.783425593458944,1.07099417948946,-1.94938994678045,-1.15617661847925,-1.4332795234002,-0.644018184731812,0.700115566504929,-0.982106558516832,1.09334482407968,36,20,56
"Diseases of glycosylation",0.460485005706219,0.234902496584275,0.536421719553649,0.351753502426518,0.0230357465541394,0.826324889122754,0.546271433335088,1,0.848676112780879,0.746598973882265,1.17920363136024,1.26279505595035,-1.0690321887756,1.26521525166659,1.6135197530234,-0.856736584548542,1.18427958228324,-0.879498174742825,0.932654735661358,-1.00706598202811,0.611172440045679,0.331164586122093,0.515778876127623,0.374061800268697,0.0236544539545654,0.922277069148193,0.806809122598596,0.982207449408544,0.967005761034844,0.717766055794225,1.0912739465984,1.17179112887698,-1.10684218019067,1.28327758922028,1.66762542348364,0.775964165866392,0.944756621638737,0.718320820130689,-0.873508380998213,-1.11999143848522,29,30,59
"Potential therapeutics for SARS",0.458065557887938,0.620804385424911,0.815969753399921,0.454485212909559,0.0230357465541394,0.556357128876213,0.927661726893362,1,0.656221084448831,0.609381338742394,-1.17915264201367,1.01122060098278,-0.882550654523829,1.19444817203552,-1.65169606256277,1.01594557447233,0.829215395178919,-0.822722460027978,-1.08300134415886,-1.14628477362903,0.487334256877103,0.653066810623399,0.835694462798996,0.501666247484909,0.0253394419335232,0.90018904738316,0.395402560024237,0.695600453172205,0.9152869908448,0.807670499978192,-1.17224719449699,0.989242734151885,-0.876911270765436,1.17220673067797,-1.69357187255504,0.796115543567126,1.27925912088251,-1.02807204924415,1.00590826025836,0.989211109409163,30,34,64
"Formation of HIV elongation complex in the absence of HIV Tat",0.739632302492821,0.0176268800611686,0.46101188306481,0.922876001304229,0.543509724106739,0.991110876820738,0.795144573364211,0.813050752928054,0.901131434464768,0.49186382196638,1.03546621516164,-1.74820959668157,1.16369112723382,-0.811276670092287,1.04650691576586,0.536251844170842,-0.997515608565971,1.13538671470351,0.823598195229928,-1.33523482589378,0.718553234844626,0.0387330962159894,0.546937359014402,0.880105005208114,0.464587045950402,0.887443036916259,0.335034013605442,0.567651237924383,0.452733830554639,0.653715865883166,1.03410523983051,-1.67964277226805,1.0968388972688,-0.882400808154615,1.16852751957968,0.790446580747257,-1.35280482974433,1.13697540486674,1.39822549106902,-1.23502833479548,20,47,67
"RHOBTB1 GTPase cycle",0.509711077477234,0.0304728921092919,0.640968347152454,0.766139486647654,0.250882388182332,0.126877399077724,0.859282102572651,0.894803305785124,0.223914526028643,0.624278047533862,1.18481213456038,-1.75131572947254,-1.01750451423491,-0.932501736886127,1.34503096542348,1.48103557064072,0.896378456276121,-0.985382507395109,-1.49971362885979,1.16227873260525,0.437500878487596,0.0233538555012825,0.749890690237566,0.85514553798901,0.132604936378817,0.279372239705028,0.947730917285484,0.796577052677511,0.669025045988397,1,1.23627798353232,-1.7538961563258,-0.919316056778791,-0.89553575700949,1.55531358707982,1.30050336809778,-0.734274088136854,0.933083288132451,-1.21324503587578,0.555770764932076,39,29,68
"VEGFR2 mediated cell proliferation",0.206397140391963,0.273471315781863,0.78039184090024,0.527160824190527,0.0162149457164023,0.387597716293369,0.617217591261857,0.956009738807824,0.887172290616827,0.726328138092844,-1.45562489745407,1.31304504120582,0.873668636174862,-1.18705673545352,-1.83695268687244,-1.21821503330923,-1.22656603549863,-0.91018986503795,0.837867561057885,-1.06192172149307,0.351513402170063,0.153786104605777,0.894046598056032,0.503199473337722,0.043223047487182,0.156660039761431,0.997550562908995,0.990699826334176,0.925308030886855,0.789742078113486,-1.36845911733418,1.43206769522448,0.783500513473765,-1.26261868576574,-1.81533095749832,-1.45988041579378,0.515922691806054,0.526511095609125,-0.978446001270089,-1.06376127824433,18,51,69
"NGF-stimulated transcription",0.637360570321464,1,0.46101188306481,0.0292415872534395,0.109881137358525,0.0770613755672064,0.744108172545658,0.857211925866237,0.611866078634374,0.705019562758442,-1.09517197422503,-0.587423207028394,-1.15748943282577,-1.91210277522435,-1.48175085010902,-1.62562653274816,-1.05479569199956,1.06886797933413,-1.14922463450067,-1.07489375574668,0.611172440045679,0.981777296070824,0.530514338707376,0.027711989729408,0.64055239794225,0.126545362609248,0.856930620184436,0.187632985391591,0.9397726999976,0.978642311822247,-1.12160581383215,-0.699511216930749,-1.10446251233328,-1.87845688437283,-1.04212784584127,-1.48236685873102,-0.872443284410006,1.55281291972257,-0.95956777772912,0.722104821569167,35,36,71
"RHOBTB2 GTPase cycle",0.778444683739875,0.348048170761021,0.0214708762069319,0.916531243447264,0.613599473568765,0.310982485153725,0.598961192517208,0.919227298632219,0.432803833934629,0.667245852283646,1.00079450888312,-1.23172939017187,-1.86727599383942,0.781861204324582,-1.01471965093755,1.27908917764518,1.2046548364021,0.944775388147102,-1.34572339660229,-1.13434955250079,0.807894399589901,0.268357550596783,0.039677297672435,0.840600770218228,0.647351295626121,0.620546680796824,0.382386772106398,0.306444444444445,0.94436955107352,0.633338226658837,0.978072791254064,-1.31354526439646,-1.76859335534445,0.893992021739483,-1.04047657425411,1.01537022761945,1.41390962074795,1.42023790905986,0.918917382031145,-1.289799009477,24,48,72
"RAF activation",0.0274155500485392,0.273471315781863,0.676610843031507,0.477168133427144,0.517377492608668,0.826324889122754,0.449474801974515,1,0.977283576121005,0.138520073050731,1.79938289968519,1.30513281712168,-0.994227134745247,-1.22672081822534,-1.08724165211557,0.803376330684176,-1.3697538596466,0.657395272044885,-0.636197523970764,-1.77626836281042,0.0297388920461992,0.19526920477585,0.522647410218568,0.636516968095916,0.232141855114752,0.901435970709055,0.647422445742252,0.943918756027001,0.979732289562642,0.130144600531476,1.77561544907402,1.37106333687607,-1.14328818285153,-1.14856801562136,-1.41974205028101,0.741191164456943,-1.13479827980934,0.71890919378253,-0.805419014598775,-1.82753107139522,34,39,73
"HSF1 activation",0.890076363532855,0.0327519618157169,0.420604776013182,0.963962223006239,0.652460133569579,0.470610094360907,0.788489407218273,0.986345015930815,0.767365667269111,0.754412254412254,0.878293239123014,-1.73854536274763,-1.25071968995434,-0.650843210693245,0.989943069182318,1.13956264624855,1.01221067090804,0.842422001527549,0.980977339567673,-1.00114399110712,0.983418623319286,0.0253371648702978,0.440265545066189,0.998794461281927,0.917701863354037,0.407802234067022,0.67349228112035,0.919758466135458,0.9397726999976,0.846074380165289,0.78694363795449,-1.74260579411148,-1.21332439175771,-0.438913892269998,0.772518456768103,1.17104836231661,1.1003432143824,0.74190092046892,0.932727791460181,0.904646228526724,41,33,74
"Depolymerization of the Nuclear Lamina",1,0.191271492923188,0.83555865100499,0.528612261564487,0.0429295890411067,0.600609756097561,0.800505755144751,0.960706459956835,0.289705882352941,0.553870183963901,-0.713647644634803,-1.45714400916808,0.81858780461975,-1.20617381930037,-1.69034999856729,-1.01022873282235,-0.986870868836093,0.912829144154068,-1.48262732375444,-1.30407873624921,1,0.171026256352343,0.915040436351061,0.667126301594866,0.0205558101192936,0.434632929740791,0.987416129701658,0.601053594293031,0.967005761034844,0.657189533510887,-0.694067435398584,-1.47190997689139,0.757391408276993,-1.14086222508264,-1.90302138580916,-1.15706188528528,-0.611850152751295,1.15254602836772,0.838049974980484,-1.30832451318061,53,22,75
"Mismatch repair (MMR) directed by MSH2:MSH3 (MutSbeta)",0.761439397775415,0.033235870319729,0.712484212943473,0.481215094733546,0.566075439773622,0.839814825094086,0.671978413603503,0.972481772679654,0.485961957598573,0.576257414479564,1.00492385740341,-1.77243155824617,0.940643652507428,-1.22604739316052,-1.066592037631,0.796970546446724,-1.16551035717892,-0.86600582168844,-1.29902825226208,-1.27253582048667,0.795870272696667,0.0250687845988757,0.704208078133997,0.720489096318131,0.119586190920955,0.876234120699532,0.596314522410253,0.881565300485952,0.993744955609362,0.654594629403052,1.00047899094058,-1.79618787900625,0.984788657445205,-1.06635472567535,-1.58468444321179,-0.769748031342946,-1.17849131593839,0.81183205535732,-0.742884838327027,-1.30668022805895,43,32,75
"Signaling by Nuclear Receptors",0.870403806529728,1,0.571511150488374,0.0253157326576386,0.129278957888037,0.0514271110999098,0.686659265188092,0.736537417837544,0.945078830314933,0.503991276509485,-0.941883984889587,0.744475458078563,1.03977580345145,-1.62521086248244,-1.29175799520503,-1.40916236529701,-1.06618226720143,1.1361960728452,0.831763778503321,-1.19669723380679,0.900995426419155,0.982295201347203,0.771747567885203,0.0364280241851786,0.278417120936806,0.188139995023144,0.949602141388616,0.635349915682968,0.710248983113521,0.872164308618847,-0.929946660417681,0.811172347782637,0.94400901058365,-1.61202575153481,-1.19056359053684,-1.24135073288708,-0.832217905189608,1.04692046633116,1.0871619768362,0.935249626692292,32,45,77
"Uptake and actions of bacterial toxins",0.180965507106495,0.685355987055016,0.0365999186399554,0.806696374804288,0.164853556485356,0.418136102403344,0.830021766169154,0.862618636755824,0.422652022158891,0.31647459936792,1.5002029381261,0.950823383514718,-1.77038273010437,0.894421766984435,-1.45324312564267,1.17390153648445,-0.936687449971165,1.01906016523772,-1.35878371219916,-1.5900899151227,0.250961022706955,0.835409488470713,0.0244628309429715,0.829429270327242,0.0490258255341706,0.731964846071246,0.903402366863905,0.485897282889764,0.875034343804378,0.535367652768072,1.41572052802613,0.83359434943774,-1.79352513086454,0.901693476452592,-1.76942135014993,-0.905488958282209,-0.784486220972829,1.24285683382016,1.02958958068029,-1.42791641925345,46,31,77
"Biosynthesis of the N-glycan precursor (dolichol lipid-linked oligosaccharide, LLO) and transfer to a nascent protein",0.045118028911113,0.678214093598709,0.617564302535401,0.691792279782754,0.316720257234727,0.52681536336654,0.576727543637823,0.765962871484344,0.733528458777512,0.380113409702057,1.60739963303228,-0.98015182847682,-1.03339047529559,-1.00789034673819,1.21865517047644,1.06040706013757,1.21712527734051,-1.12696502973189,-1.03702140318318,-1.45857502013228,0.0511829668246071,0.355753339621577,0.455378840264744,0.899509433962264,0.543185809624166,0.656187145291261,0.796543380947999,0.715520769388173,1,0.0206084321156238,1.62747770967114,-1.14404730299046,-1.15440204894327,-0.827258653745951,1.08593726738314,0.993166642867253,0.957195947138475,-1.01970650105572,-0.746893485264164,-1.87364707477318,56,23,79
"Nephrin family interactions",0.33033236849985,0.0223989361485758,0.913365816234319,0.664793955407222,0.776543585376239,0.946794035447324,0.806313434690749,0.834993861859534,0.483296483629645,0.911316541079242,1.34812407844884,1.77095613278156,0.741921021166814,-1.04524162640058,0.876037752105248,-0.654990444681354,-0.982922380227494,-1.10436682875102,-1.28178675475418,0.787722215095452,0.305870936438622,0.0444442949509415,0.97955976817064,0.730033222816847,0.981678793256433,0.950174142480211,0.797308207100215,0.641064049586777,0.725000479193422,1,1.3557429895377,1.62213618385225,-0.605305297316027,-1.04561965960197,0.673709359381884,0.656235863008121,-0.934038339814091,-1.08520279574325,-1.18228685828649,0.622254523311967,28,54,82
"Transcriptional Regulation by VENTX",0.209467175993384,0.0260167353127598,0.950214729370009,0.662039742840444,0.693539869741243,0.712651907677814,0.744108172545658,0.971597576834026,0.785937833796198,0.911509543088491,-1.41678000007101,-1.7167381966164,-0.712450887616854,1.02988575090039,-0.953930996311407,-0.919266255953808,1.06160115520664,0.880142541074647,0.983163942006199,0.819720265193905,0.414761369684783,0.0405845460179678,0.776250554980021,0.815412469801659,0.690744812569379,0.685919931739675,0.810743279326242,0.933486204435988,0.951909802116889,0.992629971696708,-1.25945216204713,-1.66850877370843,0.896921700657112,0.936338211995183,0.992559397496984,-0.961214016530696,0.928196266335699,-0.758529044338186,0.902939328883209,0.679250790578159,33,49,82
"Transport of bile salts and organic acids, metal ions and amine compounds",0.122208989290685,0.0306132306749433,0.943606244661171,0.640198266806723,0.95956764143401,0.957772300927321,0.825997861281739,0.979233574441645,0.926188185269902,0.576257414479564,1.54245632601683,1.6898095634369,-0.751073240251625,-1.06671217036995,-0.702027740751992,-0.683830606320524,-0.940262413552633,-0.880807519707648,-0.78703255180558,-1.19902950516578,0.121742294229097,0.0350055361775345,0.786284470246734,0.674885039852851,0.934765200138645,0.656187145291261,0.91426683509863,0.910573137492429,0.965712284860075,0.76787243466706,1.54009602466703,1.63850589838612,-0.893784248148552,-1.09438540216119,-0.791782172140073,-0.96638568604971,-0.7929737507462,-0.803154307195293,-0.89180238018799,-1.07542528066002,40,42,82
"MyD88-independent TLR4 cascade ",0.316900700425617,0.0852735708750576,0.0662905565120457,0.704894847751991,0.0220208915254248,0.556357128876213,0.788489407218273,0.74535656959413,0.900577634102068,0.886352765321375,-1.26428620173343,1.45011793455557,-1.52436269237371,-0.991105233834981,-1.62782489194132,1.03680423379837,-0.99975817267396,1.13437788127352,-0.853986801028599,0.910272643506415,0.215300546448087,0.049238421927332,0.161554030294542,0.717366946778711,0.0792755017632053,0.613089244851259,0.683399793960376,0.796577052677511,0.94436955107352,0.720123992923045,-1.33105436220864,1.45285809430746,-1.3999406283076,-1.05153788754097,-1.44286198898849,-1.00256968639182,1.06391594392646,0.957191825103839,-0.94659559336164,1.10483074751247,26,57,83
"RNA Polymerase II Pre-transcription Events",1,0.033235870319729,0.48201407967033,0.440781622911695,0.532350683248887,0.66273968046868,0.204763098587393,0.499994568877475,0.733528458777512,0.503991276509485,0.751541890403362,-1.62682740699282,-1.13491289207409,-1.21909410923039,1.0806552474428,0.957372169005293,-1.44473309071293,1.40971629461754,-1.02384618834557,-1.26189224726898,1,0.0424896036617372,0.536779609162874,0.49305988485093,0.376897240763573,0.633222362530134,0.0349955164532083,0.176881995288796,0.452733830554639,0.682363854363519,0.753874206042868,-1.56653100020188,-1.08390466728489,-1.23976096257893,1.1977615523788,1.00794744971632,-1.82177214057884,1.58163363209612,1.34510875091091,-1.16320085746656,44,41,85
"TRIF(TICAM1)-mediated TLR4 signaling ",0.316900700425617,0.0852735708750576,0.0662905565120457,0.704894847751991,0.0220208915254248,0.556357128876213,0.788489407218273,0.74535656959413,0.900577634102068,0.886352765321375,-1.26428620173343,1.45011793455557,-1.52436269237371,-0.991105233834981,-1.62782489194132,1.03680423379837,-0.99975817267396,1.13437788127352,-0.853986801028599,0.910272643506415,0.215300546448087,0.049238421927332,0.161554030294542,0.717366946778711,0.0792755017632053,0.613089244851259,0.683399793960376,0.796577052677511,0.94436955107352,0.720123992923045,-1.33105436220864,1.45285809430746,-1.3999406283076,-1.05153788754097,-1.44286198898849,-1.00256968639182,1.06391594392646,0.957191825103839,-0.94659559336164,1.10483074751247,27,58,85
"ZBP1(DAI) mediated induction of type I IFNs",0.676325592741049,0.0408924532332492,0.812074984927301,0.127255823570532,0.414785773276339,0.377782576771909,0.854958911013528,0.858497631027332,0.848676112780879,0.6503796632552,-1.05210776380893,1.6977510799132,-0.833976083882251,1.69168140913046,-1.16134275939268,1.19795765269193,0.911612466033242,-1.04799728609571,0.924747569628155,1.15489755710947,0.632591975387771,0.0275772807167391,0.877869028065415,0.0790812939224154,0.57667642430498,0.849388806184942,0.757562231759657,0.538330161518567,0.993744955609362,0.535367652768072,-1.11410606763968,1.7935203290953,-0.783631456260868,1.75382236695364,-1.08630065101234,0.805552715907918,1.00111210543942,-1.18960854369117,-0.762840750845367,1.45421743909077,51,35,86
"SUMOylation of intracellular receptors",0.847853704487905,0.0367287889611833,0.852628800985251,0.719747573532125,0.379180367310931,0.654542927889231,0.962306158617634,0.857211925866237,0.323639004297568,0.851317163005475,0.93208648495349,1.67546987864502,0.810543278706637,-0.994820422502901,1.19297238702022,0.972897390212299,-0.669453812234046,-1.07345607350596,1.37688840384871,0.882095929590714,0.836546318072567,0.035453699003407,0.959543790255766,0.651849330224166,0.60004594402203,0.869271818826868,0.78877529195363,0.88986979641326,0.834540766208251,0.895842640440073,0.956269749644361,1.68846243092917,-0.66336234538942,-1.13400689009958,1.06369354698939,0.785771489263309,-0.964468982521331,-0.807973814776401,-1.06957957461551,0.860740875842111,47,43,90
"RIP-mediated NFkB activation via ZBP1",0.558312604493741,0.0451085057983368,0.901402535394954,0.315012792397661,0.35665074176515,0.533195809925094,0.887732424169249,0.972481772679654,0.821572157215722,0.790621375816395,-1.1644061901757,1.61679117999522,-0.771984580484527,1.4422889424836,-1.23140349726543,1.07753556996592,0.840303085738051,-0.875073960710795,0.934947812966069,0.961139556432742,0.620798319327731,0.0317815013340415,0.95216819728684,0.319114470842333,0.616676152532726,0.950174142480211,0.796543380947999,0.614193901271708,1,0.54288210781019,-1.14700026590205,1.70219475458901,-0.67484573609254,1.51638969655308,-1.05694483252448,0.676903215877786,0.962293451020258,-1.12979566056573,0.67222716774788,1.43566238012066,55,40,95
"Transcriptional Regulation by NPAS4",0.126746022095614,0.759975458956009,0.396304093567251,0.0414004521681346,0.836247212029642,0.387879335260116,0.840694628320329,0.858497631027332,0.641084146268478,0.526093245799488,-1.57813662418943,-0.910750984311523,-1.27050369349084,-1.85175519400763,-0.829070210829496,-1.19970930360372,0.923039715389295,1.03543502301478,-1.14651818745628,1.33759471233398,0.120844385796171,0.784811702458761,0.478583610419248,0.0364280241851786,0.963144325906198,0.802222288957626,0.70870833359357,0.413322842905848,1,0.229123462251072,-1.54687847808522,-0.886056544774474,-1.19494337759441,-1.87380723115865,0.713804614305257,-0.853953127140045,1.06718355851651,1.33088301168994,-0.569868744266163,1.73909293054446,52,46,98
"RAC3 GTPase cycle",1,0.314407590625253,0.64778955060285,0.925128477760057,0.0334488404986024,0.217419703590252,0.746539550839682,0.616975946481454,0.649598241358399,0.665745007680492,0.801478980369054,1.20585239487289,0.99890864457583,-0.826556578468885,-1.62812482275098,-1.27679956193422,-1.04599432694411,-1.27295738805405,-1.09586831173734,-1.10778255649651,1,0.294088938650131,0.905741421877362,0.926676638319688,0.0451654943690783,0.22063764653177,0.969941455139742,0.766442874220818,0.452733830554639,0.7181392727737,0.817682798111447,1.19330140065562,0.819963693201085,-0.806905093036221,-1.62179579292086,-1.24886392688566,0.761522404848407,0.964841636659001,-1.3609586040783,-1.10950053963204,45,55,100
"Lysosome Vesicle Biogenesis",0.0476297912339652,0.272313856427379,0.445400986977978,0.480554400554401,0.637186445854214,0.0476030895104948,0.825997861281739,0.715818827108332,0.887626207818591,0.790621375816395,1.70128628236324,1.28659628778945,1.21019370468635,1.22371134785348,0.989412643931296,1.72884070845455,-0.951371780319217,-1.26062394360968,0.86483453437516,0.95190679932833,0.0355648043290578,0.226976281071086,0.677347856973715,0.700174356223176,0.587144845656268,0.220355477008087,0.887442601326547,0.306444444444445,0.94436955107352,0.97373545187734,1.73263099276197,1.33532384348642,0.983143214995385,1.06921195461991,-1.0864888261199,1.36114176080853,-0.813785117253184,-1.43824388384623,-0.926980839812945,-0.748712145278325,58,44,102
"HSF1-dependent transactivation",1,0.0408924532332492,0.633553689476505,0.735136268343816,0.497013477088949,0.519113416889254,0.843908969210174,0.743893065998329,0.872846191715311,0.693425378937746,-0.681176159528043,-1.73417659684483,-1.01233670561025,-0.960657125457053,1.11018419270268,-1.07790559959418,-0.89539495374655,1.20153996551863,-0.852085581830322,-1.1102770119071,1,0.0443238882570165,0.668171038844054,0.797018951026346,0.901224226804124,0.716822125927247,0.894503390879061,0.799084949467359,0.835368855713492,0.79066773024477,-0.648493708576901,-1.62648140414153,-0.992040931790687,-0.974915318469911,0.818480157479406,0.913550868218979,-0.796045573501657,0.910118367122036,1.04521355759756,-1.00401247039465,50,53,103
"PTK6 Regulates RHO GTPases, RAS GTPase and MAP kinases",1,0.0892236836929131,0.296387816231348,0.979137107658234,0.0398867913820577,0.730321791447188,0.869618764270394,0.956009738807824,0.526079545454545,0.388823647166168,0.738664904838798,1.59945997792454,-1.36542838025947,0.60241136785667,-1.69926608430762,-0.884388674283595,0.862134403614038,0.920053677711887,-1.2691743884027,-1.57080388811468,0.986735418646053,0.0485041417109619,0.209150657229525,0.905485475846574,0.563484314153447,0.390325821893064,0.739282317336792,0.602865488941438,0.9152869908448,0.135480885316059,0.778723374049671,1.58947963544694,-1.5301377594325,0.762132723825518,-1.13239259758396,-1.19623151453919,1.03052689460132,1.1474847972703,-1.01825944297426,-1.78353799844897,49,56,105
"ABC transporters in lipid homeostasis",0.920911488862837,0.0431542051981371,0.942748885749641,0.614998853568342,0.169653264670575,0.299054585516455,0.345856741573034,0.858497631027332,0.353934602946461,0.344598082643745,0.84967711170865,1.66747155922903,0.670410343271715,-1.1015849025224,-1.47510854689876,-1.30534424107048,-1.54470805482497,1.05368731819272,-1.41096127083423,-1.59924979801487,0.91805379585536,0.0439987310418216,0.979463074239194,0.717366946778711,0.225440223532946,0.148912783807961,0.782655610931118,0.546219655826736,1,0.579620124881493,0.848438953043411,1.70057320155348,-0.55787503267956,-1.07680802136913,-1.45477644817496,-1.54910706315709,-0.98963436516826,1.22087456211818,-0.445154124179104,-1.42291238014744,54,52,106
"p75NTR signals via NF-kB",0.312110633727175,0.944348737922253,0.859168956043956,0.0573932651359428,0.785327845512671,0.0455471737018548,0.585906882361142,0.872938280288377,0.30561126035794,0.49186382196638,-1.38537142277504,0.744518648270052,-0.803485068049002,1.84103263950835,-0.868037775401093,1.73271564086293,1.23959868925992,-0.995592437672084,1.43838517819361,1.49348794289332,0.367056996829915,0.863087794432548,0.921738110971372,0.0802777179347402,0.573068175807902,0.143398905434187,0.453842356425868,0.469904079509997,0.967005761034844,0.0427912078783736,-1.35080025521427,0.808284696102434,-0.725006140394768,1.84893652806533,-1.11408821741779,1.5099467181574,1.32336828335939,-1.26979038397104,0.826770363663764,1.98424189902326,57,50,107
